Año,Trimestre,Mes,Día,Suma de Monto Dolar,Promedio Acumulado Monto Dolar 7 días,Primera fecha: Date
2021,Trim. 1,enero,5,"$1025,174371214419","$1025,174371214419",2021-01-05 00:00:00
2021,Trim. 1,enero,6,"$338,5564518409338","$681,8654115276763",2021-01-06 00:00:00
2021,Trim. 1,enero,7,"$559,099980945763","$640,9436013337053",2021-01-07 00:00:00
2021,Trim. 1,enero,8,"$406,8777047551391","$582,4271271890636",2021-01-08 00:00:00
2021,Trim. 1,enero,9,"$113,5601970443929","$488,6537411601295",2021-01-09 00:00:00
2021,Trim. 1,enero,10,,"$488,6537411601295",2021-01-10 00:00:00
2021,Trim. 1,enero,11,"$986,7267672250125","$571,6659121709432",2021-01-11 00:00:00
2021,Trim. 1,enero,12,"$725,7638781320474","$593,6799073082439",2021-01-12 00:00:00
2021,Trim. 1,enero,13,"$480,6461886950531","$515,8901669483346",2021-01-13 00:00:00
2021,Trim. 1,enero,14,"$999,1879334421163","$610,2660928913607",2021-01-14 00:00:00
2021,Trim. 1,enero,15,"$1053,020968808878","$680,8262340146628",2021-01-15 00:00:00
2021,Trim. 1,enero,16,"$413,0005156281772","$681,7009212822396",2021-01-16 00:00:00
2021,Trim. 1,enero,17,,"$776,3910419885474",2021-01-17 00:00:00
2021,Trim. 1,enero,18,"$881,3415815360229","$791,3839762096153",2021-01-18 00:00:00
2021,Trim. 1,enero,19,"$777,4127186640133","$761,4819692723297",2021-01-19 00:00:00
2021,Trim. 1,enero,20,"$801,6169521252054","$772,3181226999238",2021-01-20 00:00:00
2021,Trim. 1,enero,21,"$564,0675361925214","$784,2354580567051",2021-01-21 00:00:00
2021,Trim. 1,enero,22,"$704,632135985542","$742,1560584200515",2021-01-22 00:00:00
2021,Trim. 1,enero,23,"$241,3912614081347","$626,2089573628025",2021-01-23 00:00:00
2021,Trim. 1,enero,24,,"$661,7436976519066",2021-01-24 00:00:00
2021,Trim. 1,enero,25,"$1082,488334075208","$721,8500742838067",2021-01-25 00:00:00
2021,Trim. 1,enero,26,"$1511,613371057404","$811,8889013582897",2021-01-26 00:00:00
2021,Trim. 1,enero,27,"$545,2411113028589","$778,721528878125",2021-01-27 00:00:00
2021,Trim. 1,enero,28,"$741,8839882309422","$770,1882483218016",2021-01-28 00:00:00
2021,Trim. 1,enero,29,"$719,8014246968388","$792,4359466795612",2021-01-29 00:00:00
2021,Trim. 1,enero,30,"$228,3427526466556","$724,3946062025774",2021-01-30 00:00:00
2021,Trim. 1,enero,31,,"$804,8951636683179",2021-01-31 00:00:00
2021,Trim. 1,febrero,1,"$597,7429872759044","$775,3019956122589",2021-02-01 00:00:00
2021,Trim. 1,febrero,2,"$928,1123084763504","$753,2482776695648",2021-02-02 00:00:00
2021,Trim. 1,febrero,3,"$448,7884141820028","$601,416140973079",2021-02-03 00:00:00
2021,Trim. 1,febrero,4,"$676,6583485790742","$620,1900320125384",2021-02-04 00:00:00
2021,Trim. 1,febrero,5,"$1448,390863897076","$721,1195856791289",2021-02-05 00:00:00
2021,Trim. 1,febrero,6,"$285,7066488304338","$659,1060462696424",2021-02-06 00:00:00
2021,Trim. 1,febrero,7,,"$730,8999285401402",2021-02-07 00:00:00
2021,Trim. 1,febrero,8,"$528,3333921836808","$701,961851917789",2021-02-08 00:00:00
2021,Trim. 1,febrero,9,"$1052,128996322486","$766,8741389244434",2021-02-09 00:00:00
2021,Trim. 1,febrero,10,"$945,0115169980497","$769,2883115704007",2021-02-10 00:00:00
2021,Trim. 1,febrero,11,"$1353,421369811541","$898,5215909460487",2021-02-11 00:00:00
2021,Trim. 1,febrero,12,"$556,6778049638833","$881,3815132867358",2021-02-12 00:00:00
2021,Trim. 1,febrero,13,"$660,0326742955984","$768,758914772239",2021-02-13 00:00:00
2021,Trim. 1,febrero,14,,"$849,2676257625399",2021-02-14 00:00:00
2021,Trim. 1,febrero,15,,"$849,2676257625399",2021-02-15 00:00:00
2021,Trim. 1,febrero,16,,"$913,4544724783116",2021-02-16 00:00:00
2021,Trim. 1,febrero,17,"$611,0674582920719","$825,242164872229",2021-02-17 00:00:00
2021,Trim. 1,febrero,18,"$801,5545589720251","$796,5507732670239",2021-02-18 00:00:00
2021,Trim. 1,febrero,19,"$501,9102517052244","$626,2485496457606",2021-02-19 00:00:00
2021,Trim. 1,febrero,20,"$194,3147589607415","$553,7759404451323",2021-02-20 00:00:00
2021,Trim. 1,febrero,21,,"$527,2117569825157",2021-02-21 00:00:00
2021,Trim. 1,febrero,22,"$433,809853332019","$508,5313762524164",2021-02-22 00:00:00
2021,Trim. 1,febrero,23,"$1605,32825641846","$691,3308562800903",2021-02-23 00:00:00
2021,Trim. 1,febrero,24,"$1137,025340221255","$755,0014968431138",2021-02-24 00:00:00
2021,Trim. 1,febrero,25,"$620,210707100689","$756,3076752443449",2021-02-25 00:00:00
2021,Trim. 1,febrero,26,"$722,5593932778382","$745,0226515737467",2021-02-26 00:00:00
2021,Trim. 1,febrero,27,,"$785,5413848851671",2021-02-27 00:00:00
2021,Trim. 1,febrero,28,,"$903,7867100700523",2021-02-28 00:00:00
2021,Trim. 1,marzo,1,"$1282,797022685385","$966,9550955059411",2021-03-01 00:00:00
2021,Trim. 1,marzo,2,"$327,1179973788484","$949,173119513746",2021-03-02 00:00:00
2021,Trim. 1,marzo,3,"$521,8560746477799","$768,594422551966",2021-03-03 00:00:00
2021,Trim. 1,marzo,4,"$1258,638820573972","$788,8633359440855",2021-03-04 00:00:00
2021,Trim. 1,marzo,5,"$606,8677119951949","$786,639503426503",2021-03-05 00:00:00
2021,Trim. 1,marzo,6,"$138,3173337268024","$689,2658268346639",2021-03-06 00:00:00
2021,Trim. 1,marzo,7,,"$689,2658268346639",2021-03-07 00:00:00
2021,Trim. 1,marzo,8,"$566,6446117418132","$671,7485103928282",2021-03-08 00:00:00
2021,Trim. 1,marzo,9,"$696,2628910294445","$587,9579201562652",2021-03-09 00:00:00
2021,Trim. 1,marzo,10,"$616,0130442926074","$629,2286411439451",2021-03-10 00:00:00
2021,Trim. 1,marzo,11,"$456,7553170853906","$619,9285329207465",2021-03-11 00:00:00
2021,Trim. 1,marzo,12,"$379,0552891285996","$494,2737427142647",2021-03-12 00:00:00
2021,Trim. 1,marzo,13,"$146,2698586893245","$428,4740493848546",2021-03-13 00:00:00
2021,Trim. 1,marzo,14,,"$476,83350199453",2021-03-14 00:00:00
2021,Trim. 1,marzo,15,"$772,1041135171072","$519,0150179263267",2021-03-15 00:00:00
2021,Trim. 1,marzo,16,"$658,3946141559255","$532,1221611283428",2021-03-16 00:00:00
2021,Trim. 1,marzo,17,"$633,9445183830937","$523,2195364645785",2021-03-17 00:00:00
2021,Trim. 1,marzo,18,"$404,6967170314397","$493,0314897129829",2021-03-18 00:00:00
2021,Trim. 1,marzo,19,"$227,4190457594146","$460,2691652378435",2021-03-19 00:00:00
2021,Trim. 1,marzo,20,"$70,45660518763711","$416,1836389605633",2021-03-20 00:00:00
2021,Trim. 1,marzo,21,,"$461,1692690057696",2021-03-21 00:00:00
2021,Trim. 1,marzo,22,"$286,7857000858539","$436,2573305886389",2021-03-22 00:00:00
2021,Trim. 1,marzo,23,"$644,9810465996413","$418,0968924575723",2021-03-23 00:00:00
2021,Trim. 1,marzo,24,"$305,0020405039395","$367,6122390787172",2021-03-24 00:00:00
2021,Trim. 1,marzo,25,"$691,916383523754","$375,8939340988114",2021-03-25 00:00:00
2021,Trim. 1,marzo,26,"$422,453510802404","$378,4306189232349",2021-03-26 00:00:00
2021,Trim. 1,marzo,27,"$125,7854762789253","$363,9115375688793",2021-03-27 00:00:00
2021,Trim. 1,marzo,28,,"$412,8206929657529",2021-03-28 00:00:00
2021,Trim. 1,marzo,29,"$389,733210434177","$409,5224811755278",2021-03-29 00:00:00
2021,Trim. 1,marzo,30,"$387,0512641615123","$423,8461331863361",2021-03-30 00:00:00
2021,Trim. 1,marzo,31,"$492,0644582682484","$402,0009062818515",2021-03-31 00:00:00
2021,Trim. 2,abril,1,,"$418,1673839115035",2021-04-01 00:00:00
2021,Trim. 2,abril,2,,"$363,4175839890534",2021-04-02 00:00:00
2021,Trim. 2,abril,3,,"$348,6586022857157",2021-04-03 00:00:00
2021,Trim. 2,abril,4,,"$422,9496442879792",2021-04-04 00:00:00
2021,Trim. 2,abril,5,"$310,5509236003634","$394,8499641160752",2021-04-05 00:00:00
2021,Trim. 2,abril,6,"$577,6166368174842","$441,820820711902",2021-04-06 00:00:00
2021,Trim. 2,abril,7,"$288,3059060009929","$417,1344811717722",2021-04-07 00:00:00
2021,Trim. 2,abril,8,"$468,9769405348026","$411,3626017384108",2021-04-08 00:00:00
2021,Trim. 2,abril,9,"$244,8160487787871","$378,053291146486",2021-04-09 00:00:00
2021,Trim. 2,abril,10,"$144,3220240499815","$339,0980799637353",2021-04-10 00:00:00
2021,Trim. 2,abril,11,,"$339,0980799637353",2021-04-11 00:00:00
2021,Trim. 2,abril,12,"$361,7398540014876","$342,3326191119856",2021-04-12 00:00:00
2021,Trim. 2,abril,13,"$788,1265836257973","$410,5577134013333",2021-04-13 00:00:00
2021,Trim. 2,abril,14,"$284,7286443857008","$368,7165716253642",2021-04-14 00:00:00
2021,Trim. 2,abril,15,"$683,800109493749","$425,2157435529008",2021-04-15 00:00:00
2021,Trim. 2,abril,16,"$486,3793239772601","$427,7017983303948",2021-04-16 00:00:00
2021,Trim. 2,abril,17,"$122,7041000824235","$410,2572342309142",2021-04-17 00:00:00
2021,Trim. 2,abril,18,,"$454,5797692610697",2021-04-18 00:00:00
2021,Trim. 2,abril,19,"$527,9509557929816","$465,0613673370572",2021-04-19 00:00:00
2021,Trim. 2,abril,20,"$962,6390928078148","$550,904115737961",2021-04-20 00:00:00
2021,Trim. 2,abril,21,"$1052,701314852883","$588,700505913259",2021-04-21 00:00:00
2021,Trim. 2,abril,22,"$1097,080988428217","$704,7508407764755",2021-04-22 00:00:00
2021,Trim. 2,abril,23,"$986,9186164277884","$748,0534846241954",2021-04-23 00:00:00
2021,Trim. 2,abril,24,"$170,5282622317756","$702,9319043748407",2021-04-24 00:00:00
2021,Trim. 2,abril,25,,"$799,6365384235768",2021-04-25 00:00:00
2021,Trim. 2,abril,26,"$1268,441429299889","$866,6086656916214",2021-04-26 00:00:00
2021,Trim. 2,abril,27,"$874,5636914491472","$916,1247707853591",2021-04-27 00:00:00
2021,Trim. 2,abril,28,"$684,9128817943673","$876,4495977834383",2021-04-28 00:00:00
2021,Trim. 2,abril,29,"$369,4735852528021","$778,845636411998",2021-04-29 00:00:00
2021,Trim. 2,abril,30,"$1222,950738749717","$796,8270293150696",2021-04-30 00:00:00
2021,Trim. 2,mayo,1,,"$765,1450981296163",2021-05-01 00:00:00
2021,Trim. 2,mayo,2,,"$884,0684653091845",2021-05-02 00:00:00
2021,Trim. 2,mayo,3,"$179,1219845996516","$766,577385190929",2021-05-03 00:00:00
2021,Trim. 2,mayo,4,"$229,004501324377","$593,3378971950104",2021-05-04 00:00:00
2021,Trim. 2,mayo,5,"$303,1645609272283","$498,1047087746906",2021-05-05 00:00:00
2021,Trim. 2,mayo,6,"$229,9107966692124","$422,2710279204981",2021-05-06 00:00:00
2021,Trim. 2,mayo,7,"$125,1694257584373","$381,5536680047706",2021-05-07 00:00:00
2021,Trim. 2,mayo,8,"$138,4512334084291","$200,8037504478893",2021-05-08 00:00:00
2021,Trim. 2,mayo,9,,"$200,8037504478893",2021-05-09 00:00:00
2021,Trim. 2,mayo,10,"$337,7137403444153","$220,3623204331073",2021-05-10 00:00:00
2021,Trim. 2,mayo,11,"$576,1945050396017","$277,086966210243",2021-05-11 00:00:00
2021,Trim. 2,mayo,12,"$3013,108202684505","$674,8160664045471",2021-05-12 00:00:00
2021,Trim. 2,mayo,13,"$372,3952317339788","$684,7061622340827",2021-05-13 00:00:00
2021,Trim. 2,mayo,14,"$462,1113164939184","$717,8776650661838",2021-05-14 00:00:00
2021,Trim. 2,mayo,15,"$277,000466156396","$739,5678136944636",2021-05-15 00:00:00
2021,Trim. 2,mayo,16,,"$839,7539104088027",2021-05-16 00:00:00
2021,Trim. 2,mayo,17,"$381,8314861655578","$774,3364212311963",2021-05-17 00:00:00
2021,Trim. 2,mayo,18,"$503,9398946803037","$798,0830147077519",2021-05-18 00:00:00
2021,Trim. 2,mayo,19,"$2105,938182121741","$1016,617825719486",2021-05-19 00:00:00
2021,Trim. 2,mayo,20,"$387,6854473699022","$641,5574321031139",2021-05-20 00:00:00
2021,Trim. 2,mayo,21,"$650,7198475682671","$681,3180915080122",2021-05-21 00:00:00
2021,Trim. 2,mayo,22,"$151,2229137586221","$636,9054625458272",2021-05-22 00:00:00
2021,Trim. 2,mayo,23,,"$696,8896286107323",2021-05-23 00:00:00
2021,Trim. 2,mayo,24,"$588,5544469307168","$681,4131740850158",2021-05-24 00:00:00
2021,Trim. 2,mayo,25,"$317,2247076334585","$672,183634294716",2021-05-25 00:00:00
2021,Trim. 2,mayo,26,"$472,3950764831005","$667,6772316951156",2021-05-26 00:00:00
2021,Trim. 2,mayo,27,"$457,1030786273668","$432,1293597673477",2021-05-27 00:00:00
2021,Trim. 2,mayo,28,"$435,9727906903818","$439,0275516702733",2021-05-28 00:00:00
2021,Trim. 2,mayo,29,"$234,830695977541","$379,6148157287411",2021-05-29 00:00:00
2021,Trim. 2,mayo,30,,"$417,6801327237609",2021-05-30 00:00:00
2021,Trim. 2,mayo,31,"$1396,029695110556","$557,4443559218745",2021-05-31 00:00:00
2021,Trim. 2,junio,1,"$1610,459772727611","$703,4308310357166",2021-06-01 00:00:00
2021,Trim. 2,junio,2,"$645,7205716991206","$750,3588116165254",2021-06-02 00:00:00
2021,Trim. 2,junio,3,"$618,4340720666952","$771,2215252713246",2021-06-03 00:00:00
2021,Trim. 2,junio,4,"$660,4439873976023","$800,2702265242153",2021-06-04 00:00:00
2021,Trim. 2,junio,5,"$176,2765986278914","$763,1707705152884",2021-06-05 00:00:00
2021,Trim. 2,junio,6,,"$851,2274496049127",2021-06-06 00:00:00
2021,Trim. 2,junio,7,"$732,7453228539439","$834,3014314976315",2021-06-07 00:00:00
2021,Trim. 2,junio,8,"$457,8018436184009","$700,2688812844665",2021-06-08 00:00:00
2021,Trim. 2,junio,9,"$438,4243167955279","$532,8352447227404",2021-06-09 00:00:00
2021,Trim. 2,junio,10,"$296,9858107758785","$483,0159931622772",2021-06-10 00:00:00
2021,Trim. 2,junio,11,"$771,73286237658","$504,9158203494036",2021-06-11 00:00:00
2021,Trim. 2,junio,12,"$327,3362069776999","$457,3289945751318",2021-06-12 00:00:00
2021,Trim. 2,junio,13,,"$504,1710605663386",2021-06-13 00:00:00
2021,Trim. 2,junio,14,"$1800,124760135534","$689,3073033619379",2021-06-14 00:00:00
2021,Trim. 2,junio,15,"$580,6740179486649","$667,5828312326123",2021-06-15 00:00:00
2021,Trim. 2,junio,16,"$669,7531589400729","$697,8615905642798",2021-06-16 00:00:00
2021,Trim. 2,junio,17,"$373,4837322269204","$688,584364197336",2021-06-17 00:00:00
2021,Trim. 2,junio,18,"$455,4864434113774","$711,2273117166927",2021-06-18 00:00:00
2021,Trim. 2,junio,19,"$192,4990395273735","$628,4796227382348",2021-06-19 00:00:00
2021,Trim. 2,junio,20,,"$678,6701920316572",2021-06-20 00:00:00
2021,Trim. 2,junio,21,"$250,3539253944643","$617,4821539406296",2021-06-21 00:00:00
2021,Trim. 2,junio,22,"$422,729459762097","$420,7113967444243",2021-06-22 00:00:00
2021,Trim. 2,junio,23,"$896,2393153828064","$465,7921535207302",2021-06-23 00:00:00
2021,Trim. 2,junio,24,"$219,0838352361232","$401,4108215630232",2021-06-24 00:00:00
2021,Trim. 2,junio,25,"$501,6658738748611","$419,7225560841576",2021-06-25 00:00:00
2021,Trim. 2,junio,26,"$224,1832539005477","$386,6792432968962",2021-06-26 00:00:00
2021,Trim. 2,junio,27,,"$419,0426105918166",2021-06-27 00:00:00
2021,Trim. 2,junio,28,"$829,151021265568","$477,6295264023526",2021-06-28 00:00:00
2021,Trim. 2,junio,29,"$409,7489486210272","$500,4002440061472",2021-06-29 00:00:00
2021,Trim. 2,junio,30,"$310,9205799612604","$484,427546891742",2021-06-30 00:00:00
2021,Trim. 3,julio,1,"$449,8207947496812","$420,6534725155813",2021-07-01 00:00:00
2021,Trim. 3,julio,2,"$670,5528225532631","$485,1490421323155",2021-07-02 00:00:00
2021,Trim. 3,julio,3,"$205,9027338656677","$442,8971649881451",2021-07-03 00:00:00
2021,Trim. 3,julio,4,,"$479,3494835027446",2021-07-04 00:00:00
2021,Trim. 3,julio,5,"$665,6484307259449","$505,9636188203446",2021-07-05 00:00:00
2021,Trim. 3,julio,6,"$1407,765877353661","$588,6228839757865",2021-07-06 00:00:00
2021,Trim. 3,julio,7,"$1281,355950111433","$713,1381699029873",2021-07-07 00:00:00
2021,Trim. 3,julio,8,"$1413,361915252083","$870,6297892302479",2021-07-08 00:00:00
2021,Trim. 3,julio,9,"$1104,303771924019","$964,1273573980103",2021-07-09 00:00:00
2021,Trim. 3,julio,10,"$448,6661777163899","$932,4292652784569",2021-07-10 00:00:00
2021,Trim. 3,julio,11,,"$1053,517020513922",2021-07-11 00:00:00
2021,Trim. 3,julio,12,"$668,5946301218875","$998,528107600774",2021-07-12 00:00:00
2021,Trim. 3,julio,13,"$806,8159189547154","$1018,694891633455",2021-07-13 00:00:00
2021,Trim. 3,julio,14,"$538,9092686129303","$894,5725189562082",2021-07-14 00:00:00
2021,Trim. 3,julio,15,"$610,05022863757","$798,6717016027991",2021-07-15 00:00:00
2021,Trim. 3,julio,16,"$950,5573855901694","$732,5567687939545",2021-07-16 00:00:00
2021,Trim. 3,julio,17,"$438,0107816313035","$637,3720558949951",2021-07-17 00:00:00
2021,Trim. 3,julio,18,,"$668,8230355914293",2021-07-18 00:00:00
2021,Trim. 3,julio,19,"$812,6894284851893","$689,3753774333951",2021-07-19 00:00:00
2021,Trim. 3,julio,20,"$395,907255074987","$650,4200381409808",2021-07-20 00:00:00
2021,Trim. 3,julio,21,"$873,6100583668691","$659,9620580570027",2021-07-21 00:00:00
2021,Trim. 3,julio,22,"$533,0599608756991","$659,1264426659696",2021-07-22 00:00:00
2021,Trim. 3,julio,23,"$397,1681866618192","$628,7147223837194",2021-07-23 00:00:00
2021,Trim. 3,julio,24,"$210,0751283384941","$522,9315427763374",2021-07-24 00:00:00
2021,Trim. 3,julio,25,,"$537,0850029671764",2021-07-25 00:00:00
2021,Trim. 3,julio,26,"$795,7123576460008","$574,0317679212941",2021-07-26 00:00:00
2021,Trim. 3,julio,27,"$1218,296025197869","$631,975567451677",2021-07-27 00:00:00
2021,Trim. 3,julio,28,"$385,8354835276555","$630,5367429449152",2021-07-28 00:00:00
2021,Trim. 3,julio,29,"$576,0972033099401","$588,0349065082111",2021-07-29 00:00:00
2021,Trim. 3,julio,30,"$1285,748541841343","$695,5618466461601",2021-07-30 00:00:00
2021,Trim. 3,julio,31,"$553,1069542490393","$717,8388134443345",2021-07-31 00:00:00
2021,Trim. 3,agosto,1,,"$802,4660942953079",2021-08-01 00:00:00
2021,Trim. 3,agosto,2,"$2076,398368778441","$984,4564192214699",2021-08-02 00:00:00
2021,Trim. 3,agosto,3,"$532,98310578199","$946,9236689551825",2021-08-03 00:00:00
2021,Trim. 3,agosto,4,"$908,4589773945121","$902,6612335547028",2021-08-04 00:00:00
2021,Trim. 3,agosto,5,,"$988,7988585592108",2021-08-05 00:00:00
2021,Trim. 3,agosto,6,,"$1071,339189609065",2021-08-06 00:00:00
2021,Trim. 3,agosto,7,"$536,1911169279557","$921,4277046263876",2021-08-07 00:00:00
2021,Trim. 3,agosto,8,,"$1013,507892220725",2021-08-08 00:00:00
2021,Trim. 3,agosto,9,"$720,7609975214948","$954,9585132808786",2021-08-09 00:00:00
2021,Trim. 3,agosto,10,"$567,0375499090479","$653,0863495070001",2021-08-10 00:00:00
2021,Trim. 3,agosto,11,"$1475,028370892936","$841,4954025291894",2021-08-11 00:00:00
2021,Trim. 3,agosto,12,"$741,3568468944163","$808,0749764291702",2021-08-12 00:00:00
2021,Trim. 3,agosto,13,"$867,6655785956333","$818,0067434569141",2021-08-13 00:00:00
2021,Trim. 3,agosto,14,"$243,0322911540356","$735,8675359850743",2021-08-14 00:00:00
2021,Trim. 3,agosto,15,,"$769,1469391612608",2021-08-15 00:00:00
2021,Trim. 3,agosto,16,"$432,211460818063","$721,0132993979468",2021-08-16 00:00:00
2021,Trim. 3,agosto,17,"$583,9410177534395","$701,4675880025103",2021-08-17 00:00:00
2021,Trim. 3,agosto,18,"$952,1542174277848","$756,4842547909012",2021-08-18 00:00:00
2021,Trim. 3,agosto,19,"$291,4998097748987","$587,4087460597531",2021-08-19 00:00:00
2021,Trim. 3,agosto,20,"$633,2577031880694","$571,9660112445606",2021-08-20 00:00:00
2021,Trim. 3,agosto,21,"$224,6743375216061","$480,1101196625567",2021-08-21 00:00:00
2021,Trim. 3,agosto,22,,"$519,6230910806436",2021-08-22 00:00:00
2021,Trim. 3,agosto,23,"$363,3791359308586","$497,3025260592457",2021-08-23 00:00:00
2021,Trim. 3,agosto,24,"$1877,619336321846","$703,7893654169291",2021-08-24 00:00:00
2021,Trim. 3,agosto,25,"$293,1598021512277","$662,2491917594701",2021-08-25 00:00:00
2021,Trim. 3,agosto,26,"$894,0891886525152","$653,9541876487174",2021-08-26 00:00:00
2021,Trim. 3,agosto,27,"$383,0337743206167","$667,0304682981057",2021-08-27 00:00:00
2021,Trim. 3,agosto,28,"$74,74788062975868","$587,2433507897756",2021-08-28 00:00:00
2021,Trim. 3,agosto,29,,"$647,6715196678038",2021-08-29 00:00:00
2021,Trim. 3,agosto,30,"$346,1389411623859","$604,5954370241726",2021-08-30 00:00:00
2021,Trim. 3,agosto,31,"$255,8341726129848","$589,2318708359051",2021-08-31 00:00:00
2021,Trim. 3,septiembre,1,"$351,1501603452629","$371,1648456963931",2021-09-01 00:00:00
2021,Trim. 3,septiembre,2,"$407,7523580932611","$387,5352108309693",2021-09-02 00:00:00
2021,Trim. 3,septiembre,3,"$306,1963385701157","$303,5505179620551",2021-09-03 00:00:00
2021,Trim. 3,septiembre,4,"$286,5290013413506","$289,7641218221599",2021-09-04 00:00:00
2021,Trim. 3,septiembre,5,,"$325,6001620208935",2021-09-05 00:00:00
2021,Trim. 3,septiembre,6,"$493,1535446066474","$349,536359533144",2021-09-06 00:00:00
2021,Trim. 3,septiembre,7,"$2038,773378756033","$591,3412791893792",2021-09-07 00:00:00
2021,Trim. 3,septiembre,8,"$1533,587377012006","$773,8774512463822",2021-09-08 00:00:00
2021,Trim. 3,septiembre,9,"$658,4705721226596","$817,7803672145819",2021-09-09 00:00:00
2021,Trim. 3,septiembre,10,"$798,5735667659939","$873,6119684535437",2021-09-10 00:00:00
2021,Trim. 3,septiembre,11,,"$968,1812401007816",2021-09-11 00:00:00
2021,Trim. 3,septiembre,12,,"$1104,511687852668",2021-09-12 00:00:00
2021,Trim. 3,septiembre,13,"$582,499251217065","$1017,509615080067",2021-09-13 00:00:00
2021,Trim. 3,septiembre,14,"$1139,176375382671","$1125,180086876071",2021-09-14 00:00:00
2021,Trim. 3,septiembre,15,"$675,1566314384839","$897,9106289898132",2021-09-15 00:00:00
2021,Trim. 3,septiembre,16,"$612,7252137426973","$744,433601778262",2021-09-16 00:00:00
2021,Trim. 3,septiembre,17,"$658,4925105947196","$744,4372581902718",2021-09-17 00:00:00
2021,Trim. 3,septiembre,18,"$461,2647677365173","$688,2191250186925",2021-09-18 00:00:00
2021,Trim. 3,septiembre,19,,"$688,2191250186925",2021-09-19 00:00:00
2021,Trim. 3,septiembre,20,"$1752,347034281306","$840,2373977704943",2021-09-20 00:00:00
2021,Trim. 3,septiembre,21,"$248,5212109939761","$792,5262491671958",2021-09-21 00:00:00
2021,Trim. 3,septiembre,22,"$716,4897903337828","$732,142451303069",2021-09-22 00:00:00
2021,Trim. 3,septiembre,23,"$1249,119564689397","$814,1371560531994",2021-09-23 00:00:00
2021,Trim. 3,septiembre,24,"$918,0405719504579","$857,7536357971652",2021-09-24 00:00:00
2021,Trim. 3,septiembre,25,"$370,158914171612","$816,5631220224356",2021-09-25 00:00:00
2021,Trim. 3,septiembre,26,,"$875,779514403422",2021-09-26 00:00:00
2021,Trim. 3,septiembre,27,"$513,9699881954476","$824,0924392308542",2021-09-27 00:00:00
2021,Trim. 3,septiembre,28,"$855,4628097185102","$695,9661214361691",2021-09-28 00:00:00
2021,Trim. 3,septiembre,29,"$487,8912858081085","$730,1618464096166",2021-09-29 00:00:00
2021,Trim. 3,septiembre,30,"$560,3034078627561","$707,8495060566128",2021-09-30 00:00:00
2021,Trim. 4,octubre,1,"$489,6542443064183","$599,3544602876158",2021-10-01 00:00:00
2021,Trim. 4,octubre,2,"$302,4978165938865","$511,4197809509627",2021-10-02 00:00:00
2021,Trim. 4,octubre,3,,"$534,9632587475212",2021-10-03 00:00:00
2021,Trim. 4,octubre,4,"$2547,654501216544","$822,4905791002386",2021-10-04 00:00:00
2021,Trim. 4,octubre,5,"$889,6818181818178","$876,1636976697201",2021-10-05 00:00:00
2021,Trim. 4,octubre,6,"$1402,916030534351","$954,3713006434117",2021-10-06 00:00:00
2021,Trim. 4,octubre,7,"$642,1097256857855","$976,4025063402227",2021-10-07 00:00:00
2021,Trim. 4,octubre,8,"$800,3548387096777","$1010,695567889783",2021-10-08 00:00:00
2021,Trim. 4,octubre,9,"$420,4913151364763","$1000,815149436934",2021-10-09 00:00:00
2021,Trim. 4,octubre,10,,"$1117,201371577442",2021-10-10 00:00:00
2021,Trim. 4,octubre,11,"$702,5226130653267","$1057,961548932854",2021-10-11 00:00:00
2021,Trim. 4,octubre,12,"$1192,321695760599","$864,3425767248619",2021-10-12 00:00:00
2021,Trim. 4,octubre,13,"$391,7310513447434","$793,2067528909942",2021-10-13 00:00:00
2021,Trim. 4,octubre,14,"$832,7788697788698","$711,7585870687826",2021-10-14 00:00:00
2021,Trim. 4,octubre,15,"$515,2610837438424","$693,6373525056479",2021-10-15 00:00:00
2021,Trim. 4,octubre,16,,"$675,8511048049762",2021-10-16 00:00:00
2021,Trim. 4,octubre,17,,"$726,9230627386762",2021-10-17 00:00:00
2021,Trim. 4,octubre,18,"$505,0515970515968","$689,944485124163",2021-10-18 00:00:00
2021,Trim. 4,octubre,19,"$606,2536585365851","$673,8996593693727",2021-10-19 00:00:00
2021,Trim. 4,octubre,20,"$1511,601449275361","$727,1129516218331",2021-10-20 00:00:00
2021,Trim. 4,octubre,21,"$871,052380952381","$806,9998398897727",2021-10-21 00:00:00
2021,Trim. 4,octubre,22,"$612,2032710280375","$770,2372400979674",2021-10-22 00:00:00
2021,Trim. 4,octubre,23,"$503,0981308411214","$768,2100812808471",2021-10-23 00:00:00
2021,Trim. 4,octubre,24,,"$768,2100812808471",2021-10-24 00:00:00
2021,Trim. 4,octubre,25,"$1817,327906976744","$918,084056380261",2021-10-25 00:00:00
2021,Trim. 4,octubre,26,"$434,5416666666666","$908,0112091824138",2021-10-26 00:00:00
2021,Trim. 4,octubre,27,"$1413,178329571106","$1023,286162187345",2021-10-27 00:00:00
2021,Trim. 4,octubre,28,"$385,7098901098902","$862,4445108779925",2021-10-28 00:00:00
2021,Trim. 4,octubre,29,"$304,1606648199446","$781,4599800019301",2021-10-29 00:00:00
2021,Trim. 4,octubre,30,"$423,5278396436524","$754,506346947018",2021-10-30 00:00:00
2021,Trim. 4,octubre,31,,"$796,4077162980007",2021-10-31 00:00:00
2021,Trim. 4,noviembre,1,"$511,7191011235954","$755,7379141302284",2021-11-01 00:00:00
2021,Trim. 4,noviembre,2,"$795,9615384615385","$609,8284329137706",2021-11-02 00:00:00
2021,Trim. 4,noviembre,3,"$634,8216704288939","$638,4398620226602",2021-11-03 00:00:00
2021,Trim. 4,noviembre,4,"$915,9376391982182","$567,4054776836762",2021-11-04 00:00:00
2021,Trim. 4,noviembre,5,"$444,1852678571428","$575,7591030761408",2021-11-05 00:00:00
2021,Trim. 4,noviembre,6,"$323,0782997762863","$578,4616223556183",2021-11-06 00:00:00
2021,Trim. 4,noviembre,7,,"$604,2839194742791",2021-11-07 00:00:00
2021,Trim. 4,noviembre,8,"$533,7545045045043","$594,2082887643112",2021-11-08 00:00:00
2021,Trim. 4,noviembre,9,"$231,4040178571429","$554,1632768691038",2021-11-09 00:00:00
2021,Trim. 4,noviembre,10,"$857,8325991189428","$563,0019998201616",2021-11-10 00:00:00
2021,Trim. 4,noviembre,11,"$584,8577777777779","$555,8643008700021",2021-11-11 00:00:00
2021,Trim. 4,noviembre,12,"$988,9333333333334","$566,2922571750186",2021-11-12 00:00:00
2021,Trim. 4,noviembre,13,"$432,7733333333334","$564,6619808144744",2021-11-13 00:00:00
2021,Trim. 4,noviembre,14,,"$604,9259276541725",2021-11-14 00:00:00
2021,Trim. 4,noviembre,15,"$1412,320796460177","$720,268051769316",2021-11-15 00:00:00
2021,Trim. 4,noviembre,16,"$1574,361842105264","$868,9262428551386",2021-11-16 00:00:00
2021,Trim. 4,noviembre,17,"$1026,512931034483","$982,5132304519014",2021-11-17 00:00:00
2021,Trim. 4,noviembre,18,"$655,6645435244158","$953,6320796526835",2021-11-18 00:00:00
2021,Trim. 4,noviembre,19,"$1428,612836438924","$1074,168516604276",2021-11-19 00:00:00
2021,Trim. 4,noviembre,20,"$611,2734693877551","$1020,217107469193",2021-11-20 00:00:00
2021,Trim. 4,noviembre,21,,"$1118,124403158503",2021-11-21 00:00:00
2021,Trim. 4,noviembre,22,"$706,0254237288134","$1059,253120382833",2021-11-22 00:00:00
2021,Trim. 4,noviembre,23,"$463,9108280254778","$923,7659820350189",2021-11-23 00:00:00
2021,Trim. 4,noviembre,24,"$578,8494845360825","$781,5499309537072",2021-11-24 00:00:00
2021,Trim. 4,noviembre,25,"$442,4156626506024","$698,1074640417244",2021-11-25 00:00:00
2021,Trim. 4,noviembre,26,"$573,9321357285431","$686,4314057851713",2021-11-26 00:00:00
2021,Trim. 4,noviembre,27,"$181,6799204771371","$508,2981320763445",2021-11-27 00:00:00
2021,Trim. 4,noviembre,28,,"$491,1355758577761",2021-11-28 00:00:00
2021,Trim. 4,noviembre,29,"$1215,712273641851","$594,6465326840724",2021-11-29 00:00:00
2021,Trim. 4,noviembre,30,"$1266,002028397566","$674,6431904938944",2021-11-30 00:00:00
2021,Trim. 4,diciembre,1,"$1804,950207468879","$866,2202447000944",2021-12-01 00:00:00
2021,Trim. 4,diciembre,2,"$437,3736951983298","$846,0094176518442",2021-12-02 00:00:00
2021,Trim. 4,diciembre,3,"$1142,676470588235","$946,0466759286488",2021-12-03 00:00:00
2021,Trim. 4,diciembre,4,"$262,0880503144655","$901,4975208694949",2021-12-04 00:00:00
2021,Trim. 4,diciembre,5,,"$1021,467120934888",2021-12-05 00:00:00
2021,Trim. 4,diciembre,6,"$1067,054621848739","$1027,979621065438",2021-12-06 00:00:00
2021,Trim. 4,diciembre,7,"$1085,706131078224","$1009,40731498492",2021-12-07 00:00:00
2021,Trim. 4,diciembre,8,"$766,9450317124737","$938,1134583156208",2021-12-08 00:00:00
2021,Trim. 4,diciembre,9,"$1236,352320675105","$856,885188773653",2021-12-09 00:00:00
2021,Trim. 4,diciembre,10,"$1396,698513800425","$993,9315914310953",2021-12-10 00:00:00
2021,Trim. 4,diciembre,11,"$373,9170212765958","$884,1088129580039",2021-12-11 00:00:00
2021,Trim. 4,diciembre,12,,"$987,7789400652604",2021-12-12 00:00:00
2021,Trim. 4,diciembre,13,"$1026,722814498934","$993,3423506986422",2021-12-13 00:00:00
2021,Trim. 4,diciembre,14,"$427,5671641791043","$901,9869996029802",2021-12-14 00:00:00
2021,Trim. 4,diciembre,15,"$745,6309012875535","$853,4048239185986",2021-12-15 00:00:00
2021,Trim. 4,diciembre,16,"$610,7219827586207","$831,0872454966196",2021-12-16 00:00:00
2021,Trim. 4,diciembre,17,"$2413,534482758621","$999,2561257942649",2021-12-17 00:00:00
2021,Trim. 4,diciembre,18,"$255,7956989247312","$836,2700093834516",2021-12-18 00:00:00
2021,Trim. 4,diciembre,19,,"$913,3288407345941",2021-12-19 00:00:00
2021,Trim. 4,diciembre,20,"$636,1287553648066","$873,7288285389102",2021-12-20 00:00:00
2021,Trim. 4,diciembre,21,"$398,0280172413794","$783,9152860735452",2021-12-21 00:00:00
2021,Trim. 4,diciembre,22,"$518,4254859611232","$796,8950463281193",2021-12-22 00:00:00
2021,Trim. 4,diciembre,23,"$200,7538126361655","$719,0554622350638",2021-12-23 00:00:00
2021,Trim. 4,diciembre,24,,"$737,1110421478046",2021-12-24 00:00:00
2021,Trim. 4,diciembre,25,,"$401,8263540256412",2021-12-25 00:00:00
2021,Trim. 4,diciembre,26,,"$438,3340178008687",2021-12-26 00:00:00
2021,Trim. 4,diciembre,27,"$747,9436008676789","$500,2559344142307",2021-12-27 00:00:00
2021,Trim. 4,diciembre,28,"$789,6616379310344","$530,9625109274763",2021-12-28 00:00:00
2021,Trim. 4,diciembre,29,"$640,203426124197","$579,3975927040399",2021-12-29 00:00:00
2021,Trim. 4,diciembre,30,"$691,7796610169493","$614,0684277152051",2021-12-30 00:00:00
2021,Trim. 4,diciembre,31,,"$717,3970814849649",2021-12-31 00:00:00
